Kommune nr & navn;kommune_nr;"Kommune
navn"
Nedbrytninger;;
;;
0101 Halden;101;Halden
0102 Sarpsborg (-1991);102;Sarpsborg (-1991)
0103 Fredrikstad (-1993);103;Fredrikstad (-1993)
0104 Moss;104;Moss
0105 Sarpsborg;105;Sarpsborg
0106 Fredrikstad;106;Fredrikstad
0111 Hvaler;111;Hvaler
0113 Borge (-1993);113;Borge (-1993)
0114 Varteig (-1991);114;Varteig (-1991)
0115 Skjeberg (-1991);115;Skjeberg (-1991)
0116 Berg  (-1966);116;Berg  (-1966)
0117 Idd (-1966);117;Idd (-1966)
0118 Aremark;118;Aremark
0119 Marker;119;Marker
0121 Rømskog;121;Rømskog
0122 Trøgstad;122;Trøgstad
0123 Spydeberg;123;Spydeberg
0124 Askim;124;Askim
0125 Eidsberg;125;Eidsberg
0127 Skiptvet;127;Skiptvet
0128 Rakkestad;128;Rakkestad
0130 Tune (-1991);130;Tune (-1991)
0131 Rolvsøy (1911-1993);131;Rolvsøy (1911-1993)
0133 Kråkerøy (1908-1993);133;Kråkerøy (1908-1993)
0134 Onsøy (-1993);134;Onsøy (-1993)
0135 Råde;135;Råde
0136 Rygge;136;Rygge
0137 Våler (Østf.);137;Våler (Østf.)
0138 Hobøl;138;Hobøl
0199 Uoppgitt kommune Østfold;199;Uoppgitt kommune Østfold
0211 Vestby;211;Vestby
0213 Ski;213;Ski
0214 Ås;214;Ås
0215 Frogn;215;Frogn
0216 Nesodden;216;Nesodden
0217 Oppegård;217;Oppegård
0219 Bærum;219;Bærum
0220 Asker;220;Asker
0221 Aurskog-Høland;221;Aurskog-Høland
0226 Sørum;226;Sørum
0227 Fet;227;Fet
0228 Rælingen;228;Rælingen
0229 Enebakk;229;Enebakk
0230 Lørenskog;230;Lørenskog
0231 Skedsmo;231;Skedsmo
0233 Nittedal;233;Nittedal
0234 Gjerdrum;234;Gjerdrum
0235 Ullensaker;235;Ullensaker
0236 Nes (Ak.);236;Nes (Ak.)
0237 Eidsvoll;237;Eidsvoll
0238 Nannestad;238;Nannestad
0239 Hurdal;239;Hurdal
0299 Uoppgitt kommune Akershus;299;Uoppgitt kommune Akershus
0301 Oslo kommune;301;Oslo kommune
0399 Uoppgitt komm. Oslo;399;Uoppgitt komm. Oslo
0401 Hamar (-1991);401;Hamar (-1991)
0402 Kongsvinger;402;Kongsvinger
0403 Hamar;403;Hamar
0412 Ringsaker;412;Ringsaker
0414 Vang (-1991);414;Vang (-1991)
0415 Løten;415;Løten
0417 Stange;417;Stange
0418 Nord-Odal;418;Nord-Odal
0419 Sør-Odal;419;Sør-Odal
0420 Eidskog;420;Eidskog
0423 Grue;423;Grue
0425 Åsnes;425;Åsnes
0426 Våler (Hedm.);426;Våler (Hedm.)
0427 Elverum;427;Elverum
0428 Trysil;428;Trysil
0429 Åmot;429;Åmot
0430 Stor-Elvdal;430;Stor-Elvdal
0432 Rendalen;432;Rendalen
0434 Engerdal;434;Engerdal
0435 Tolga-Os (1966-1975);435;Tolga-Os (1966-1975)
0436 Tolga;436;Tolga
0437 Tynset;437;Tynset
0438 Alvdal;438;Alvdal
0439 Folldal;439;Folldal
0441 Os (Hedm.);441;Os (Hedm.)
0499 Uoppgitt kommune Hedmark;499;Uoppgitt kommune Hedmark
0501 Lillehammer;501;Lillehammer
0502 Gjøvik;502;Gjøvik
0511 Dovre;511;Dovre
0512 Lesja;512;Lesja
0513 Skjåk;513;Skjåk
0514 Lom;514;Lom
0515 Vågå;515;Vågå
0516 Nord-Fron;516;Nord-Fron
0517 Sel;517;Sel
0518 Fron (1966-1976);518;Fron (1966-1976)
0519 Sør-Fron;519;Sør-Fron
0520 Ringebu;520;Ringebu
0521 Øyer;521;Øyer
0522 Gausdal;522;Gausdal
0528 Østre Toten;528;Østre Toten
0529 Vestre Toten;529;Vestre Toten
0532 Jevnaker;532;Jevnaker
0533 Lunner;533;Lunner
0534 Gran;534;Gran
0536 Søndre Land;536;Søndre Land
0538 Nordre Land;538;Nordre Land
0540 Sør-Aurdal;540;Sør-Aurdal
0541 Etnedal;541;Etnedal
0542 Nord-Aurdal;542;Nord-Aurdal
0543 Vestre Slidre;543;Vestre Slidre
0544 Øystre Slidre;544;Øystre Slidre
0545 Vang;545;Vang
0599 Uoppgitt kommune Oppland;599;Uoppgitt kommune Oppland
0601 Ringerike (1964-1976);601;Ringerike (1964-1976)
0602 Drammen;602;Drammen
0604 Kongsberg;604;Kongsberg
0605 Ringerike;605;Ringerike
0612 Hole;612;Hole
0615 Flå;615;Flå
0616 Nes (Busk.);616;Nes (Busk.)
0617 Gol;617;Gol
0618 Hemsedal;618;Hemsedal
0619 Ål;619;Ål
0620 Hol;620;Hol
0621 Sigdal;621;Sigdal
0622 Krødsherad;622;Krødsherad
0623 Modum;623;Modum
0624 Øvre Eiker;624;Øvre Eiker
0625 Nedre Eiker;625;Nedre Eiker
0626 Lier;626;Lier
0627 Røyken;627;Røyken
0628 Hurum;628;Hurum
0631 Flesberg;631;Flesberg
0632 Rollag;632;Rollag
0633 Nore og Uvdal;633;Nore og Uvdal
0699 Uoppgitt kommune Buskerud;699;Uoppgitt kommune Buskerud
0701 Horten;701;Horten
0702 Holmestrand;702;Holmestrand
0703 Horten (-1987);703;Horten (-1987)
0704 Tønsberg;704;Tønsberg
0705 Tønsberg (-1987);705;Tønsberg (-1987)
0706 Sandefjord;706;Sandefjord
0707 Larvik (-1987);707;Larvik (-1987)
0708 Stavern (1944-1987);708;Stavern (1944-1987)
0709 Larvik;709;Larvik
0711 Svelvik;711;Svelvik
0713 Sande (Vestf.);713;Sande (Vestf.)
0714 Hof;714;Hof
0716 Re;716;Re
0717 Borre (-1987);717;Borre (-1987)
0718 Ramnes (-2001);718;Ramnes (-2001)
0719 Andebu;719;Andebu
0720 Stokke;720;Stokke
0721 Sem (-1987);721;Sem (-1987)
0722 Nøtterøy;722;Nøtterøy
0723 Tjøme;723;Tjøme
0724 Sandar (-1967);724;Sandar (-1967)
0725 Tjølling (-1987);725;Tjølling (-1987)
0726 Brunlanes (-1987);726;Brunlanes (-1987)
0727 Hedrum (-1987);727;Hedrum (-1987)
0728 Lardal;728;Lardal
0799 Uoppgitt kommune Vestfold;799;Uoppgitt kommune Vestfold
0805 Porsgrunn;805;Porsgrunn
0806 Skien;806;Skien
0807 Notodden;807;Notodden
0811 Siljan;811;Siljan
0814 Bamble;814;Bamble
0815 Kragerø;815;Kragerø
0817 Drangedal;817;Drangedal
0819 Nome;819;Nome
0821 Bø (Telem.);821;Bø (Telem.)
0822 Sauherad;822;Sauherad
0826 Tinn;826;Tinn
0827 Hjartdal;827;Hjartdal
0828 Seljord;828;Seljord
0829 Kviteseid;829;Kviteseid
0830 Nissedal;830;Nissedal
0831 Fyresdal;831;Fyresdal
0833 Tokke;833;Tokke
0834 Vinje;834;Vinje
0899 Uoppgitt kommune Telemark;899;Uoppgitt kommune Telemark
0901 Risør;901;Risør
0903 Arendal (-1991);903;Arendal (-1991)
0904 Grimstad;904;Grimstad
0906 Arendal;906;Arendal
0911 Gjerstad;911;Gjerstad
0912 Vegårshei;912;Vegårshei
0914 Tvedestrand;914;Tvedestrand
0918 Moland (1962-1991);918;Moland (1962-1991)
0919 Froland;919;Froland
0920 Øyestad (-1991);920;Øyestad (-1991)
0921 Tromøy (-1991);921;Tromøy (-1991)
0922 Hisøy (-1991);922;Hisøy (-1991)
0923 Fjære (-1970);923;Fjære (-1970)
0924 Landvik (-1970);924;Landvik (-1970)
0926 Lillesand;926;Lillesand
0928 Birkenes;928;Birkenes
0929 Åmli;929;Åmli
0932 Mykland (-1966);932;Mykland (-1966)
0933 Herefoss (-1966);933;Herefoss (-1966)
0935 Iveland;935;Iveland
0937 Evje og Hornnes;937;Evje og Hornnes
0938 Bygland;938;Bygland
0940 Valle;940;Valle
0941 Bykle;941;Bykle
0999 Uoppgitt kommune Aust-Agder;999;Uoppgitt kommune Aust-Agder
1001 Kristiansand;1001;Kristiansand
1002 Mandal;1002;Mandal
1003 Farsund;1003;Farsund
1004 Flekkefjord;1004;Flekkefjord
1014 Vennesla;1014;Vennesla
1017 Songdalen;1017;Songdalen
1018 Søgne;1018;Søgne
1021 Marnardal;1021;Marnardal
1026 Åseral;1026;Åseral
1027 Audnedal;1027;Audnedal
1029 Lindesnes;1029;Lindesnes
1032 Lyngdal;1032;Lyngdal
1034 Hægebostad;1034;Hægebostad
1037 Kvinesdal;1037;Kvinesdal
1046 Sirdal;1046;Sirdal
1099 Uoppgitt kommune Vest-Agder;1099;Uoppgitt kommune Vest-Agder
1101 Eigersund;1101;Eigersund
1102 Sandnes;1102;Sandnes
1103 Stavanger;1103;Stavanger
1106 Haugesund;1106;Haugesund
1111 Sokndal;1111;Sokndal
1112 Lund;1112;Lund
1114 Bjerkreim;1114;Bjerkreim
1119 Hå;1119;Hå
1120 Klepp;1120;Klepp
1121 Time;1121;Time
1122 Gjesdal;1122;Gjesdal
1124 Sola;1124;Sola
1127 Randaberg;1127;Randaberg
1129 Forsand;1129;Forsand
1130 Strand;1130;Strand
1133 Hjelmeland;1133;Hjelmeland
1134 Suldal;1134;Suldal
1135 Sauda;1135;Sauda
1141 Finnøy;1141;Finnøy
1142 Rennesøy;1142;Rennesøy
1144 Kvitsøy;1144;Kvitsøy
1145 Bokn;1145;Bokn
1146 Tysvær;1146;Tysvær
1149 Karmøy;1149;Karmøy
1151 Utsira;1151;Utsira
1154 Vindafjord (1965-2005);1154;Vindafjord (1965-2005)
1159 Ølen (-2005);1159;Ølen (-2005)
1160 Vindafjord;1160;Vindafjord
1199 Uoppgitt kommune Rogaland;1199;Uoppgitt kommune Rogaland
1201 Bergen;1201;Bergen
1211 Etne;1211;Etne
1214 Ølen (-2001);1214;Ølen (-2001)
1216 Sveio;1216;Sveio
1219 Bømlo;1219;Bømlo
1221 Stord;1221;Stord
1222 Fitjar;1222;Fitjar
1223 Tysnes;1223;Tysnes
1224 Kvinnherad;1224;Kvinnherad
1227 Jondal;1227;Jondal
1228 Odda;1228;Odda
1230 Ullensvang (-1976);1230;Ullensvang (-1976)
1231 Ullensvang;1231;Ullensvang
1232 Eidfjord;1232;Eidfjord
1233 Ulvik;1233;Ulvik
1234 Granvin;1234;Granvin
1235 Voss;1235;Voss
1238 Kvam;1238;Kvam
1241 Fusa;1241;Fusa
1242 Samnanger;1242;Samnanger
1243 Os (Hord.);1243;Os (Hord.)
1244 Austevoll;1244;Austevoll
1245 Sund;1245;Sund
1246 Fjell;1246;Fjell
1247 Askøy;1247;Askøy
1248 Laksevåg (1918-1971);1248;Laksevåg (1918-1971)
1249 Fana (-1971);1249;Fana (-1971)
1250 Arna (1964-1971);1250;Arna (1964-1971)
1251 Vaksdal;1251;Vaksdal
1252 Modalen;1252;Modalen
1253 Osterøy;1253;Osterøy
1255 Åsane (-1971);1255;Åsane (-1971)
1256 Meland;1256;Meland
1259 Øygarden;1259;Øygarden
1260 Radøy;1260;Radøy
1263 Lindås;1263;Lindås
1264 Austrheim;1264;Austrheim
1265 Fedje;1265;Fedje
1266 Masfjorden;1266;Masfjorden
1299 Uoppgitt kommune Hordaland;1299;Uoppgitt kommune Hordaland
1301 Bergen (-1971);1301;Bergen (-1971)
1401 Flora;1401;Flora
1411 Gulen;1411;Gulen
1412 Solund;1412;Solund
1413 Hyllestad;1413;Hyllestad
1416 Høyanger;1416;Høyanger
1417 Vik;1417;Vik
1418 Balestrand;1418;Balestrand
1419 Leikanger;1419;Leikanger
1420 Sogndal;1420;Sogndal
1421 Aurland;1421;Aurland
1422 Lærdal;1422;Lærdal
1424 Årdal;1424;Årdal
1426 Luster;1426;Luster
1428 Askvoll;1428;Askvoll
1429 Fjaler;1429;Fjaler
1430 Gaular;1430;Gaular
1431 Jølster;1431;Jølster
1432 Førde;1432;Førde
1433 Naustdal;1433;Naustdal
1438 Bremanger;1438;Bremanger
1439 Vågsøy;1439;Vågsøy
1441 Selje;1441;Selje
1443 Eid;1443;Eid
1444 Hornindal;1444;Hornindal
1445 Gloppen;1445;Gloppen
1448 Stryn (-1976);1448;Stryn (-1976)
1449 Stryn;1449;Stryn
1499 Uoppgitt kommune Sogn og Fjordane;1499;Uoppgitt kommune Sogn og Fjordane
1501 Ålesund (-1976);1501;Ålesund (-1976)
1502 Molde;1502;Molde
1503 Kristiansund  (-2007);1503;Kristiansund  (-2007)
1504 Ålesund;1504;Ålesund
1505 Kristiansund;1505;Kristiansund
1511 Vanylven;1511;Vanylven
1514 Sande (M. og R.);1514;Sande (M. og R.)
1515 Herøy (M. og R.);1515;Herøy (M. og R.)
1516 Ulstein;1516;Ulstein
1517 Hareid;1517;Hareid
1519 Volda;1519;Volda
1520 Ørsta;1520;Ørsta
1523 Ørskog;1523;Ørskog
1524 Norddal;1524;Norddal
1525 Stranda;1525;Stranda
1526 Stordal;1526;Stordal
1527 Ørskog (-1976);1527;Ørskog (-1976)
1528 Sykkylven;1528;Sykkylven
1529 Skodje;1529;Skodje
1531 Sula;1531;Sula
1532 Giske;1532;Giske
1534 Haram;1534;Haram
1535 Vestnes;1535;Vestnes
1539 Rauma;1539;Rauma
1543 Nesset;1543;Nesset
1545 Midsund;1545;Midsund
1546 Sandøy;1546;Sandøy
1547 Aukra;1547;Aukra
1548 Fræna;1548;Fræna
1551 Eide;1551;Eide
1554 Averøy;1554;Averøy
1556 Frei (-2007);1556;Frei (-2007)
1557 Gjemnes;1557;Gjemnes
1560 Tingvoll;1560;Tingvoll
1563 Sunndal;1563;Sunndal
1566 Surnadal;1566;Surnadal
1567 Rindal;1567;Rindal
1569 Aure (-2005);1569;Aure (-2005)
1571 Halsa;1571;Halsa
1572 Tustna (-2005);1572;Tustna (-2005)
1573 Smøla;1573;Smøla
1576 Aure;1576;Aure
1599 Uoppgitt kommune Møre og Romsdal;1599;Uoppgitt kommune Møre og Romsdal
1601 Trondheim;1601;Trondheim
1612 Hemne;1612;Hemne
1613 Snillfjord;1613;Snillfjord
1617 Hitra;1617;Hitra
1620 Frøya;1620;Frøya
1621 Ørland;1621;Ørland
1622 Agdenes;1622;Agdenes
1624 Rissa;1624;Rissa
1627 Bjugn;1627;Bjugn
1630 Åfjord;1630;Åfjord
1632 Roan;1632;Roan
1633 Osen;1633;Osen
1634 Oppdal;1634;Oppdal
1635 Rennebu;1635;Rennebu
1636 Meldal;1636;Meldal
1638 Orkdal;1638;Orkdal
1640 Røros;1640;Røros
1644 Holtålen;1644;Holtålen
1645 Haltdalen (-1971);1645;Haltdalen (-1971)
1648 Midtre Gauldal;1648;Midtre Gauldal
1653 Melhus;1653;Melhus
1657 Skaun;1657;Skaun
1662 Klæbu;1662;Klæbu
1663 Malvik;1663;Malvik
1664 Selbu;1664;Selbu
1665 Tydal;1665;Tydal
1699 Uoppgitt kommune Sør-Trøndelag;1699;Uoppgitt kommune Sør-Trøndelag
1702 Steinkjer;1702;Steinkjer
1703 Namsos;1703;Namsos
1711 Meråker;1711;Meråker
1714 Stjørdal;1714;Stjørdal
1717 Frosta;1717;Frosta
1718 Leksvik;1718;Leksvik
1719 Levanger;1719;Levanger
1721 Verdal;1721;Verdal
1723 Mosvik  (-2011);1723;Mosvik  (-2011)
1724 Verran;1724;Verran
1725 Namdalseid;1725;Namdalseid
1729 Inderøy (-2011);1729;Inderøy (-2011)
1736 Snåase Snåsa;1736;Snåase Snåsa
1738 Lierne;1738;Lierne
1739 Raarvihke Røyrvik;1739;Raarvihke Røyrvik
1740 Namsskogan;1740;Namsskogan
1742 Grong;1742;Grong
1743 Høylandet;1743;Høylandet
1744 Overhalla;1744;Overhalla
1748 Fosnes;1748;Fosnes
1749 Flatanger;1749;Flatanger
1750 Vikna;1750;Vikna
1751 Nærøy;1751;Nærøy
1755 Leka;1755;Leka
1756 Inderøy;1756;Inderøy
1799 Uoppgitt kommune Nord-Trøndelag;1799;Uoppgitt kommune Nord-Trøndelag
1804 Bodø;1804;Bodø
1805 Narvik;1805;Narvik
1811 Bindal;1811;Bindal
1812 Sømna;1812;Sømna
1813 Brønnøy;1813;Brønnøy
1814 Brønnøy (-1976);1814;Brønnøy (-1976)
1815 Vega;1815;Vega
1816 Vevelstad;1816;Vevelstad
1818 Herøy (Nordl.);1818;Herøy (Nordl.)
1820 Alstahaug;1820;Alstahaug
1822 Leirfjord;1822;Leirfjord
1824 Vefsn;1824;Vefsn
1825 Grane;1825;Grane
1826 Hattfjelldal;1826;Hattfjelldal
1827 Dønna;1827;Dønna
1828 Nesna;1828;Nesna
1832 Hemnes;1832;Hemnes
1833 Rana;1833;Rana
1834 Lurøy;1834;Lurøy
1835 Træna;1835;Træna
1836 Rødøy;1836;Rødøy
1837 Meløy;1837;Meløy
1838 Gildeskål;1838;Gildeskål
1839 Beiarn;1839;Beiarn
1840 Saltdal;1840;Saltdal
1841 Fauske;1841;Fauske
1842 Skjerstad (-2004);1842;Skjerstad (-2004)
1843 Bodin (-1967);1843;Bodin (-1967)
1845 Sørfold;1845;Sørfold
1848 Steigen;1848;Steigen
1849 Hábmer Hamarøy;1849;Hábmer Hamarøy
1850 Divtasvuodna Tysfjord;1850;Divtasvuodna Tysfjord
1851 Lødingen;1851;Lødingen
1852 Tjeldsund;1852;Tjeldsund
1853 Evenes;1853;Evenes
1854 Ballangen;1854;Ballangen
1855 Ankenes (-1973);1855;Ankenes (-1973)
1856 Røst;1856;Røst
1857 Værøy;1857;Værøy
1858 Moskenes (1916-1975);1858;Moskenes (1916-1975)
1859 Flakstad;1859;Flakstad
1860 Vestvågøy;1860;Vestvågøy
1865 Vågan;1865;Vågan
1866 Hadsel;1866;Hadsel
1867 Bø (Nordl.);1867;Bø (Nordl.)
1868 Øksnes;1868;Øksnes
1870 Sortland;1870;Sortland
1871 Andøy;1871;Andøy
1874 Moskenes;1874;Moskenes
1899 Uoppgitt kommune Nordland;1899;Uoppgitt kommune Nordland
1901 Harstad (-2012);1901;Harstad (-2012)
1902 Tromsø;1902;Tromsø
1903 Harstad;1903;Harstad
1911 Kvæfjord;1911;Kvæfjord
1913 Skånland;1913;Skånland
1915 Bjarkøy (-2012);1915;Bjarkøy (-2012)
1917 Ibestad;1917;Ibestad
1919 Gratangen;1919;Gratangen
1920 Lavangen;1920;Lavangen
1921 Salangen (-1977);1921;Salangen (-1977)
1922 Bardu;1922;Bardu
1923 Salangen;1923;Salangen
1924 Målselv;1924;Målselv
1925 Sørreisa;1925;Sørreisa
1926 Dyrøy;1926;Dyrøy
1927 Tranøy;1927;Tranøy
1928 Torsken;1928;Torsken
1929 Berg;1929;Berg
1931 Lenvik;1931;Lenvik
1933 Balsfjord;1933;Balsfjord
1936 Karlsøy;1936;Karlsøy
1938 Lyngen;1938;Lyngen
1939 Omasvuotna Storfjord Omasvuonon;1939;Omasvuotna Storfjord Omasvuonon
1940 Gáivuotna Kåfjord;1940;Gáivuotna Kåfjord
1941 Skjervøy;1941;Skjervøy
1942 Nordreisa;1942;Nordreisa
1943 Kvænangen;1943;Kvænangen
1999 Uoppgitt kommune Troms;1999;Uoppgitt kommune Troms
2001 Hammerfest (-1991);2001;Hammerfest (-1991)
2002 Vardø;2002;Vardø
2003 Vadsø;2003;Vadsø
2004 Hammerfest;2004;Hammerfest
2011 Guovdageaidnu Kautokeino;2011;Guovdageaidnu Kautokeino
2012 Alta;2012;Alta
2014 Loppa;2014;Loppa
2015 Hasvik;2015;Hasvik
2016 Sørøysund (-1991);2016;Sørøysund (-1991)
2017 Kvalsund;2017;Kvalsund
2018 Måsøy;2018;Måsøy
2019 Nordkapp;2019;Nordkapp
2020 Porsanger Porsángu Porsanki;2020;Porsanger Porsángu Porsanki
2021 Kárásjohka Karasjok;2021;Kárásjohka Karasjok
2022 Lebesby;2022;Lebesby
2023 Gamvik;2023;Gamvik
2024 Berlevåg;2024;Berlevåg
2025 Deatnu Tana;2025;Deatnu Tana
2027 Unjárga Nesseby;2027;Unjárga Nesseby
2028 Båtsfjord;2028;Båtsfjord
2030 Sør-Varanger;2030;Sør-Varanger
2099 Uoppgitt kommune Finnmark;2099;Uoppgitt kommune Finnmark
2111 Longyearbyen;2111;Longyearbyen
2112 Ny-Ålesund;2112;Ny-Ålesund
2113 Barentsburg;2113;Barentsburg
2114 Hornsund;2114;Hornsund
2115 Svea;2115;Svea
2121 Bjørnøya;2121;Bjørnøya
2131 Hopen;2131;Hopen
2199 Uoppgitt kommune Svalbard;2199;Uoppgitt kommune Svalbard
2211 Jan Mayen;2211;Jan Mayen
2299 Uoppgitt Jan Mayen;2299;Uoppgitt Jan Mayen
2300 Kontinentalsokkelen;2300;Kontinentalsokkelen
2311 Sokkelen sør for 62° N;2311;Sokkelen sør for 62° N
2321 Sokkelen nord for 62° N;2321;Sokkelen nord for 62° N
2399 Sokkelen, uspesifisert;2399;Sokkelen, uspesifisert
9999 Uoppgitt kommune;9999;Uoppgitt kommune
